{"cameraMode":{"drawMode":0,"name":"Shaded","section":"Shading Mode"},"sceneLighting":true,"audioPlay":false,"sceneViewState":{"m_AlwaysRefresh":false,"showFog":true,"showSkybox":true,"showFlares":true,"showImageEffects":true,"showParticleSystems":true,"showVisualEffectGraphs":true,"m_FxEnabled":true},"in2DMode":false,"pivot":{"x":14.564774513244629,"y":2.117065668106079,"z":19.872663497924806},"rotation":{"x":0.028147978708148004,"y":-0.9705442190170288,"z":0.14103344082832337,"w":0.19349513947963715},"size":5.143736839294434,"orthographic":false}